age_group,user_count,avg_salary,salary_std
18-24,732,9756.780054644809,8868.261127926377
25-34,979,9711.29315628192,8792.803759776443
35-44,1019,9115.884200196271,8274.628228659587
45-54,1020,10003.847058823529,9314.234693181583
55-64,1062,9234.905838041432,8589.929104116361
65-74,62,8832.209677419354,9263.989306629594
