age_group,user_count,avg_salary,salary_std
18-24,731,9270.875512995895,9251.087928889421
25-34,960,9570.197916666666,9011.512243219402
35-44,1024,9673.052734375,9254.24785954519
45-54,1032,9259.402131782947,8656.950447112353
55-64,1090,9497.422018348623,8679.001314979168
65-74,87,9524.310344827587,9428.811970232942
