age_group,user_count,avg_salary,salary_std
18-24,6255,9284.459472422062,8711.998793935034
25-34,9108,9426.772946859903,8732.18085754489
35-44,9013,9647.79462997892,9009.7715202298
45-54,9007,9398.823359609192,8795.75932498372
55-64,9048,9429.784703801944,8872.408037920526
65-74,581,9608.631669535283,8666.916685281794
