age_group,user_count,avg_salary,salary_std
18-24,755,9485.125827814569,8869.776224905696
25-34,1007,9175.751737835153,8495.621802497335
35-44,1058,10032.81190926276,9510.490314903198
45-54,1044,9714.733716475095,9131.986212747543
55-64,1008,10045.030753968254,9343.251903652223
65-74,70,9319.014285714286,8116.158246421295
