age_group,user_count,avg_salary,salary_std
18-24,705,9584.382978723404,9116.338661376862
25-34,966,9491.319875776397,8726.705745768048
35-44,1025,9447.292682926829,8803.542809584706
45-54,1013,9234.576505429417,8549.812909755336
55-64,1044,9131.909003831417,8441.72731459812
65-74,71,9591.38028169014,6475.449827433276
