signup_year,total_users,avg_salary
2019,621,9827.33249612192
2020,6666,9120.545903441105
2021,8359,9547.413166694014
2022,8501,9543.653956003462
2023,8687,9472.38054887624
2024,8612,9326.397013354777
2025,2450,9506.246201919543
