signup_year,total_users,avg_salary
2019,74,10774.385284391536
2020,768,8882.074789345334
2021,980,9652.678421281418
2022,991,9806.999949663857
2023,939,8899.94950511448
2024,992,9680.626492370238
2025,285,9182.514518998936
