signup_year,total_users,avg_salary
2019,64,9982.406944444445
2020,813,8959.751672053606
2021,1007,9523.993796882954
2022,940,8959.11814679633
2023,910,9390.701853485689
2024,945,9479.000066512466
2025,253,8849.439097082495
