signup_year,total_users,avg_salary
2019,66,8616.251249508068
2020,720,9719.107314428793
2021,965,9646.405658694423
2022,978,9836.366134420146
2023,1018,9312.1969152623
2024,1012,9911.83851611476
2025,292,8210.01439792371
