signup_year,total_users,avg_salary
2019,80,8705.398346560847
2020,811,9739.914486460575
2021,944,9661.38211598123
2022,954,9323.0204904224
2023,934,9760.29628235615
2024,1000,9378.688753448636
2025,246,8644.266877289378
