status,user_count,avg_age,avg_salary
Active,43896,41.92010661563696,9447.465236012393
Inactive,22081,42.03423757981975,9481.599248222454
Pending,2714,41.29108327192336,9231.983787767133
Unknown,1401,41.730192719486084,9159.090649536045
