status,user_count,avg_age,avg_salary
Active,5051,41.65610770144526,9680.942189665413
Inactive,2441,41.646456370340026,9482.780008193364
Pending,315,43.044444444444444,9142.546031746031
Unknown,147,43.08163265306123,8742.183673469388
