status,user_count,avg_age,avg_salary
Active,4969,42.09277520627893,9519.819682028578
Inactive,2552,41.912225705329156,9333.259012539185
Pending,322,43.29192546583851,9777.512422360249
Unknown,169,43.005917159763314,10085.272189349113
