status,user_count,avg_age,avg_salary
Active,4932,42.109083536090836,9359.517842660178
Inactive,2508,42.08054226475279,9516.423444976077
Pending,304,42.2203947368421,9010.855263157895
Unknown,166,41.963855421686745,9661.277108433735
