status,user_count,avg_age,avg_salary
Active,5029,42.38675681049911,9479.741300457348
Inactive,2559,42.20164126611958,9342.514263384135
Pending,315,40.87936507936508,9398.857142857143
Unknown,155,41.935483870967744,9442.090322580645
