year,new_users,growth_pct
2019,115,
2020,1272,1006.0869565217391
2021,1627,27.908805031446548
2022,1524,-6.330669944683464
2023,1475,-3.2152230971128626
2024,1470,-0.3389830508474523
2025,427,-70.95238095238095
