year,new_users,growth_pct
2019,107,
2020,1154,978.5046728971963
2021,1542,33.622183708838826
2022,1555,0.8430609597924743
2023,1542,-0.8360128617363349
2024,1600,3.761348897535677
2025,454,-71.625
