year,new_users,growth_pct
2019,116,
2020,1227,957.7586206896551
2021,1598,30.236348818255898
2022,1541,-3.5669586983729684
2023,1523,-1.1680726800778696
2024,1606,5.449770190413661
2025,447,-72.16687422166873
