year,new_users,growth_pct
2019,961,
2020,10665,1009.7814776274713
2021,13363,25.297702766057206
2022,13717,2.6491057397290962
2023,13832,0.8383757381351664
2024,13643,-1.3663967611336036
2025,3911,-71.33328446822547
