year,new_users,growth_pct
2019,113,
2020,1291,1042.4778761061948
2021,1547,19.829589465530596
2022,1544,-0.19392372333548735
2023,1573,1.8782383419689186
2024,1523,-3.1786395422759073
2025,421,-72.35718975705844
